"key","en English","ur اردو","ar العربية","hi हिन्दी","fr Français","es Español","pt Português","ru Русский","zh 中文","bn বাংলা","tr Türkçe","id Bahasa Indonesia","de Deutsch","fa فارسی","sw Kiswahili","it Italiano","ja 日本語","ko 한국어","vi Tiếng Việt","th ไทย","nl Nederlands","pl Polski","uk Українська","tl Filipino","ta தமிழ்"
"sub","Visa Apply Directory","ویزا اپلائی ڈائریکٹری","دليل التقديم على التأشيرة","वीज़ा आवेदन डायरेक्टरी","Annuaire de demande de visa","Directorio de solicitud de visa","Diretório de pedido de visto","Справочник по подаче на визу","签证申请目录","ভিসা আবেদন ডিরেক্টরি","Vize Başvuru Rehberi","Direktori Pengajuan Visa","Visa-Antrags-Verzeichnis","فهرست درخواست ویزا","Orodha ya Maombi ya Visa","Elenco richieste di visto","ビザ申請ディレクトリ","비자 신청 디렉터리","Danh bạ xin thị thực","ไดเรกทอรีสมัครวีซ่า","Visumaanvraag-gids","Katalog wniosków wizowych","Довідник подання на візу","Direktoryo ng Aplikasyon sa Visa","விசா விண்ணப்ப அடைவு"
"search","Search country...","ملک تلاش کریں...","ابحث عن دولة...","देश खोजें...","Rechercher un pays...","Buscar país...","Pesquisar país...","Поиск страны...","搜索国家...","দেশ খুঁজুন...","Ülke ara...","Cari negara...","Land suchen...","جستجوی کشور...","Tafuta nchi...","Cerca paese...","国を検索...","국가 검색...","Tìm quốc gia...","ค้นหาประเทศ...","Zoek land...","Szukaj kraju...","Пошук країни...","Maghanap ng bansa...","நாட்டைத் தேடுங்கள்..."
"clear","Clear","صاف کریں","مسح","साफ़ करें","Effacer","Borrar","Limpar","Очистить","清除","মুছুন","Temizle","Hapus","Leeren","پاک کردن","Futa","Cancella","クリア","지우기","Xóa","ล้าง","Wissen","Wyczyść","Очистити","I-clear","அழி"
"hint","Select a country and open its visa application or official visa-information page.","کوئی ملک منتخب کریں اور اس کی ویزا درخواست یا سرکاری ویزا معلومات کا صفحہ کھولیں۔","اختر دولة وافتح صفحة طلب التأشيرة أو صفحة معلومات التأشيرة الرسمية.","कोई देश चुनें और उसका वीज़ा आवेदन या आधिकारिक वीज़ा जानकारी पेज खोलें।","Choisissez un pays et ouvrez sa page de demande de visa ou d'information officielle.","Elige un país y abre su solicitud de visa o su página oficial de información.","Escolha um país e abra o pedido de visto ou a página oficial de informações.","Выберите страну и откройте страницу подачи заявления на визу или официальную информацию.","选择一个国家，打开其签证申请或官方签证信息页面。","একটি দেশ বেছে নিন এবং তার ভিসা আবেদন বা সরকারি ভিসা তথ্যের পেজ খুলুন।","Bir ülke seçin ve vize başvurusunu veya resmi vize bilgi sayfasını açın.","Pilih negara lalu buka pengajuan visa atau halaman informasi visa resminya.","Wähle ein Land und öffne den Visumantrag oder die offizielle Informationsseite.","یک کشور انتخاب کنید و صفحه درخواست ویزا یا اطلاعات رسمی ویزای آن را باز کنید.","Chagua nchi kisha fungua ukurasa wa maombi ya visa au taarifa rasmi za visa.","Scegli un paese e apri la richiesta di visto o la pagina ufficiale di informazioni.","国を選んで、ビザ申請ページまたは公式のビザ情報ページを開きます。","국가를 선택하고 비자 신청 또는 공식 비자 정보 페이지를 여세요.","Chọn một quốc gia và mở trang xin thị thực hoặc trang thông tin thị thực chính thức.","เลือกประเทศ แล้วเปิดหน้าสมัครวีซ่าหรือหน้าข้อมูลวีซ่าอย่างเป็นทางการ","Kies een land en open de visumaanvraag of de officiële informatiepagina.","Wybierz kraj i otwórz wniosek wizowy lub oficjalną stronę z informacjami o wizie.","Виберіть країну та відкрийте сторінку подання на візу або офіційну інформацію.","Pumili ng bansa at buksan ang aplikasyon sa visa o opisyal na pahina ng impormasyon.","ஒரு நாட்டைத் தேர்ந்தெடுத்து, அதன் விசா விண்ணப்பம் அல்லது அதிகாரப்பூர்வ விசா தகவல் பக்கத்தைத் திறக்கவும்."
"r_all","All","سب","الكل","सभी","Tous","Todos","Todos","Все","全部","সব","Tümü","Semua","Alle","همه","Zote","Tutti","すべて","전체","Tất cả","ทั้งหมด","Alle","Wszystkie","Усі","Lahat","அனைத்தும்"
"r_africa","Africa","افریقہ","أفريقيا","अफ़्रीका","Afrique","África","África","Африка","非洲","আফ্রিকা","Afrika","Afrika","Afrika","آفریقا","Afrika","Africa","アフリカ","아프리카","Châu Phi","แอฟริกา","Afrika","Afryka","Африка","Africa","ஆப்பிரிக்கா"
"r_americas","Americas","امریکا","الأمريكتان","अमेरिका","Amériques","América","Américas","Америка","美洲","আমেরিকা","Amerika","Amerika","Amerika","آمریکا","Amerika","Americhe","アメリカ","아메리카","Châu Mỹ","อเมริกา","Amerika","Ameryka","Америка","Amerika","அமெரிக்கா"
"r_asia","Asia","ایشیا","آسيا","एशिया","Asie","Asia","Ásia","Азия","亚洲","এশিয়া","Asya","Asia","Asien","آسیا","Asia","Asia","アジア","아시아","Châu Á","เอเชีย","Azië","Azja","Азія","Asya","ஆசியா"
"r_europe","Europe","یورپ","أوروبا","यूरोप","Europe","Europa","Europa","Европа","欧洲","ইউরোপ","Avrupa","Eropa","Europa","اروپا","Ulaya","Europa","ヨーロッパ","유럽","Châu Âu","ยุโรป","Europa","Europa","Європа","Europa","ஐரோப்பா"
"r_oceania","Oceania","اوشیانا","أوقيانوسيا","ओशिनिया","Océanie","Oceanía","Oceania","Океания","大洋洲","ওশেনিয়া","Okyanusya","Oseania","Ozeanien","اقیانوسیه","Oceania","Oceania","オセアニア","오세아니아","Châu Đại Dương","โอเชียเนีย","Oceanië","Oceania","Океанія","Oceania","ஓசியானியா"
"apply","Open Visa Apply ↗","ویزا اپلائی کھولیں ↗","افتح التقديم على التأشيرة ↗","वीज़ा आवेदन खोलें ↗","Ouvrir la demande de visa ↗","Abrir solicitud de visa ↗","Abrir pedido de visto ↗","Открыть подачу на визу ↗","打开签证申请 ↗","ভিসা আবেদন খুলুন ↗","Vize Başvurusunu Aç ↗","Buka Pengajuan Visa ↗","Visumantrag öffnen ↗","باز کردن درخواست ویزا ↗","Fungua Maombi ya Visa ↗","Apri richiesta di visto ↗","ビザ申請を開く ↗","비자 신청 열기 ↗","Mở trang xin thị thực ↗","เปิดหน้าสมัครวีซ่า ↗","Visumaanvraag openen ↗","Otwórz wniosek wizowy ↗","Відкрити подання на візу ↗","Buksan ang Aplikasyon sa Visa ↗","விசா விண்ணப்பத்தைத் திற ↗"
"note","Check the official government site before applying.","درخواست دینے سے پہلے سرکاری حکومتی ویب سائٹ چیک کریں۔","تحقق من الموقع الحكومي الرسمي قبل التقديم.","आवेदन से पहले आधिकारिक सरकारी वेबसाइट ज़रूर देखें।","Vérifiez le site officiel du gouvernement avant de faire une demande.","Consulta el sitio web oficial del gobierno antes de solicitar.","Confira o site oficial do governo antes de solicitar.","Перед подачей проверьте официальный сайт правительства.","申请前请查看政府官方网站。","আবেদনের আগে সরকারি অফিসিয়াল ওয়েবসাইট দেখে নিন।","Başvurmadan önce resmi hükümet sitesini kontrol edin.","Periksa situs resmi pemerintah sebelum mengajukan.","Prüfe vor dem Antrag die offizielle Regierungswebsite.","پیش از درخواست، وب‌سایت رسمی دولت را بررسی کنید.","Angalia tovuti rasmi ya serikali kabla ya kuomba.","Controlla il sito ufficiale del governo prima di fare richiesta.","申請の前に、政府の公式サイトを確認してください。","신청 전에 정부 공식 웹사이트를 확인하세요.","Hãy kiểm tra trang web chính thức của chính phủ trước khi nộp đơn.","ตรวจสอบเว็บไซต์ทางการของรัฐบาลก่อนสมัคร","Controleer de officiële overheidswebsite voordat je aanvraagt.","Przed złożeniem wniosku sprawdź oficjalną stronę rządową.","Перед поданням перевірте офіційний сайт уряду.","Tingnan ang opisyal na website ng gobyerno bago mag-apply.","விண்ணப்பிக்கும் முன் அரசின் அதிகாரப்பூர்வ இணையதளத்தைச் சரிபார்க்கவும்."
"help","Link not working? Search the official site","لنک نہیں کھل رہا؟ سرکاری سائٹ تلاش کریں","الرابط لا يعمل؟ ابحث عن الموقع الرسمي","लिंक नहीं खुल रहा? आधिकारिक साइट खोजें","Lien inactif ? Chercher le site officiel","¿El enlace no funciona? Busca el sitio oficial","O link não funciona? Procure o site oficial","Ссылка не работает? Найдите официальный сайт","链接打不开？搜索官方网站","লিংক কাজ করছে না? অফিসিয়াল সাইট খুঁজুন","Bağlantı çalışmıyor mu? Resmi siteyi arayın","Tautan tidak berfungsi? Cari situs resmi","Link funktioniert nicht? Offizielle Seite suchen","لینک کار نمی‌کند؟ سایت رسمی را جستجو کنید","Kiungo hakifanyi kazi? Tafuta tovuti rasmi","Il link non funziona? Cerca il sito ufficiale","リンクが開かない？公式サイトを検索","링크가 열리지 않나요? 공식 사이트 검색","Liên kết không hoạt động? Tìm trang chính thức","ลิงก์ใช้ไม่ได้? ค้นหาเว็บไซต์ทางการ","Werkt de link niet? Zoek de officiële site","Link nie działa? Wyszukaj oficjalną stronę","Посилання не працює? Знайдіть офіційний сайт","Hindi gumagana ang link? Hanapin ang opisyal na site","இணைப்பு வேலை செய்யவில்லையா? அதிகாரப்பூர்வ தளத்தைத் தேடுங்கள்"
"empty","No country found.","کوئی ملک نہیں ملا۔","لم يتم العثور على دولة.","कोई देश नहीं मिला।","Aucun pays trouvé.","No se encontró ningún país.","Nenhum país encontrado.","Страна не найдена.","未找到国家。","কোনো দেশ পাওয়া যায়নি।","Ülke bulunamadı.","Negara tidak ditemukan.","Kein Land gefunden.","کشوری پیدا نشد.","Hakuna nchi iliyopatikana.","Nessun paese trovato.","国が見つかりません。","국가를 찾을 수 없습니다.","Không tìm thấy quốc gia.","ไม่พบประเทศ","Geen land gevonden.","Nie znaleziono kraju.","Країну не знайдено.","Walang nahanap na bansa.","நாடு எதுவும் கிடைக்கவில்லை."
"emptyFor","No country found for ""{q}""","""{q}"" کے لیے کوئی ملک نہیں ملا","لم يتم العثور على دولة لـ ""{q}""","""{q}"" के लिए कोई देश नहीं मिला","Aucun pays trouvé pour « {q} »","No se encontró ningún país para ""{q}""","Nenhum país encontrado para ""{q}""","Страна не найдена: ""{q}""","未找到与""{q}""相关的国家","""{q}"" এর জন্য কোনো দেশ পাওয়া যায়নি","""{q}"" için ülke bulunamadı","Negara tidak ditemukan untuk ""{q}""","Kein Land gefunden für ""{q}""","کشوری برای ""{q}"" پیدا نشد","Hakuna nchi iliyopatikana kwa ""{q}""","Nessun paese trovato per ""{q}""","「{q}」に一致する国はありません","""{q}""에 대한 국가를 찾을 수 없습니다","Không tìm thấy quốc gia cho ""{q}""","ไม่พบประเทศสำหรับ ""{q}""","Geen land gevonden voor ""{q}""","Nie znaleziono kraju dla „{q}”","Країну не знайдено: ""{q}""","Walang nahanap na bansa para sa ""{q}""","""{q}"" க்கு நாடு எதுவும் கிடைக்கவில்லை"
"count","1 country / 5 countries","1 ملک / 5 ممالک","دولة واحدة / 5 دول","1 देश / 5 देश","1 pays / 5 pays","{n} país|{n} países","{n} país|{n} países","{n} страна|{n} страны|{n} стран","{n} 个国家|{n} 个国家","{n}টি দেশ|{n}টি দেশ","{n} ülke|{n} ülke","{n} negara|{n} negara","{n} Land|{n} Länder","{n} کشور|{n} کشور","Nchi {n}|Nchi {n}","{n} paese|{n} paesi","{n}か国|{n}か国","{n}개국|{n}개국","{n} quốc gia|{n} quốc gia","{n} ประเทศ|{n} ประเทศ","{n} land|{n} landen","{n} kraj|{n} kraje|{n} krajów","{n} країна|{n} країни|{n} країн","{n} bansa|{n} bansa","{n} நாடு|{n} நாடுகள்"
"f1","World Visa • 195-country visa directory","ورلڈ ویزا • 195 ممالک کی ویزا ڈائریکٹری","وورلد فيزا • دليل تأشيرات لـ 195 دولة","वर्ल्ड वीज़ा • 195 देशों की वीज़ा डायरेक्टरी","World Visa • annuaire de visas de 195 pays","World Visa • directorio de visas de 195 países","World Visa • diretório de vistos de 195 países","World Visa • справочник виз 195 стран","World Visa • 195 个国家的签证目录","ওয়ার্ল্ড ভিসা • 195টি দেশের ভিসা ডিরেক্টরি","World Visa • 195 ülkelik vize rehberi","World Visa • direktori visa 195 negara","World Visa • Visa-Verzeichnis für 195 Länder","ورلد ویزا • فهرست ویزای 195 کشور","World Visa • orodha ya visa za nchi 195","World Visa • elenco visti di 195 paesi","World Visa • 195か国のビザディレクトリ","World Visa • 195개국 비자 디렉터리","World Visa • danh bạ thị thực 195 quốc gia","World Visa • ไดเรกทอรีวีซ่า 195 ประเทศ","World Visa • visumgids voor 195 landen","World Visa • katalog wiz dla 195 krajów","World Visa • довідник віз 195 країн","World Visa • direktoryo ng visa ng 195 bansa","வேர்ல்ட் விசா • 195 நாடுகளின் விசா அடைவு"
"f2","World Visa is a directory. It is not a government website and does not process visas.","ورلڈ ویزا صرف ایک ڈائریکٹری ہے۔ یہ سرکاری ویب سائٹ نہیں ہے اور ویزا پروسیس نہیں کرتی۔","وورلد فيزا مجرد دليل. ليست موقعًا حكوميًا ولا تعالج التأشيرات.","वर्ल्ड वीज़ा केवल एक डायरेक्टरी है। यह सरकारी वेबसाइट नहीं है और वीज़ा प्रोसेस नहीं करती।","World Visa est un annuaire. Ce n'est pas un site gouvernemental et il ne traite pas les visas.","World Visa es un directorio. No es un sitio web del gobierno y no tramita visas.","World Visa é um diretório. Não é um site do governo e não processa vistos.","World Visa — справочник. Это не сайт правительства, и он не оформляет визы.","World Visa 只是目录，不是政府网站，也不办理签证。","ওয়ার্ল্ড ভিসা শুধু একটি ডিরেক্টরি। এটি সরকারি ওয়েবসাইট নয় এবং ভিসা প্রসেস করে না।","World Visa bir rehberdir. Devlet sitesi değildir ve vize işlemi yapmaz.","World Visa adalah direktori. Ini bukan situs pemerintah dan tidak memproses visa.","World Visa ist ein Verzeichnis. Es ist keine Regierungswebsite und bearbeitet keine Visa.","ورلد ویزا فقط یک فهرست است. وب‌سایت دولتی نیست و ویزا صادر نمی‌کند.","World Visa ni orodha tu. Si tovuti ya serikali na haishughulikii visa.","World Visa è un elenco. Non è un sito governativo e non elabora visti.","World Visaはディレクトリです。政府のサイトではなく、ビザの処理も行いません。","World Visa는 디렉터리입니다. 정부 웹사이트가 아니며 비자를 처리하지 않습니다.","World Visa chỉ là danh bạ. Đây không phải trang web của chính phủ và không xử lý thị thực.","World Visa เป็นเพียงไดเรกทอรี ไม่ใช่เว็บไซต์ของรัฐบาล และไม่ดำเนินการเรื่องวีซ่า","World Visa is een gids. Het is geen overheidswebsite en verwerkt geen visa.","World Visa to katalog. Nie jest stroną rządową i nie przetwarza wiz.","World Visa — це довідник. Це не сайт уряду, і він не оформлює візи.","Ang World Visa ay direktoryo lamang. Hindi ito website ng gobyerno at hindi ito nagpoproseso ng visa.","வேர்ல்ட் விசா ஒரு அடைவு மட்டுமே. இது அரசு இணையதளம் அல்ல; விசாக்களைச் செயலாக்குவதில்லை."
"f3","Always check the destination government/embassy website for the latest requirements before applying.","درخواست دینے سے پہلے تازہ ترین تقاضوں کے لیے منزل والے ملک کی حکومتی یا ایمبیسی ویب سائٹ ضرور دیکھیں۔","تحقق دائمًا من موقع حكومة الوجهة أو السفارة لمعرفة أحدث المتطلبات قبل التقديم.","आवेदन से पहले ताज़ा ज़रूरतों के लिए गंतव्य देश की सरकारी या दूतावास की वेबसाइट हमेशा देखें।","Vérifiez toujours le site du gouvernement ou de l'ambassade de destination avant de faire une demande.","Consulta siempre el sitio web del gobierno o la embajada del país de destino antes de solicitar.","Sempre confira o site do governo ou da embaixada do destino antes de solicitar.","Перед подачей всегда проверяйте сайт правительства или посольства страны назначения.","申请前，请务必查看目的地国家政府或使馆网站上的最新要求。","আবেদনের আগে সর্বশেষ শর্তের জন্য গন্তব্য দেশের সরকারি বা দূতাবাসের ওয়েবসাইট সবসময় দেখুন।","Başvurmadan önce en güncel şartlar için hedef ülkenin hükümet veya büyükelçilik sitesini her zaman kontrol edin.","Selalu periksa situs pemerintah atau kedutaan negara tujuan untuk persyaratan terbaru sebelum mengajukan.","Prüfe vor dem Antrag immer die Website der Regierung oder Botschaft des Ziellandes.","پیش از درخواست، همیشه وب‌سایت دولت یا سفارت کشور مقصد را برای جدیدترین شرایط بررسی کنید.","Kabla ya kuomba, angalia kila mara tovuti ya serikali au ubalozi wa nchi unayokwenda kwa masharti mapya.","Controlla sempre il sito del governo o dell'ambasciata del paese di destinazione prima di fare richiesta.","申請の前に、必ず渡航先の政府または大使館のサイトで最新の要件を確認してください。","신청 전에 최신 요건을 위해 목적지 국가의 정부 또는 대사관 웹사이트를 항상 확인하세요.","Luôn kiểm tra trang web của chính phủ hoặc đại sứ quán nước đến để biết yêu cầu mới nhất trước khi nộp đơn.","ก่อนสมัคร โปรดตรวจสอบเว็บไซต์ของรัฐบาลหรือสถานทูตของประเทศปลายทางเพื่อดูข้อกำหนดล่าสุดเสมอ","Controleer altijd de website van de overheid of ambassade van het bestemmingsland voor de nieuwste eisen.","Przed złożeniem wniosku zawsze sprawdź stronę rządu lub ambasady kraju docelowego.","Перед поданням завжди перевіряйте сайт уряду або посольства країни призначення.","Laging tingnan ang website ng gobyerno o embahada ng destinasyon para sa pinakabagong requirements bago mag-apply.","விண்ணப்பிக்கும் முன் சமீபத்திய தேவைகளுக்கு, சேருமிட நாட்டின் அரசு அல்லது தூதரக இணையதளத்தை எப்போதும் பார்க்கவும்."
"tipLink","Need another language?","کوئی اور زبان؟","لغة أخرى؟","कोई और भाषा?","Une autre langue ?","¿Otro idioma?","Outro idioma?","Другой язык?","其他语言？","অন্য ভাষা?","Başka dil?","Bahasa lain?","Andere Sprache?","زبان دیگر؟","Lugha nyingine?","Un'altra lingua?","他の言語？","다른 언어?","Ngôn ngữ khác?","ภาษาอื่น?","Andere taal?","Inny język?","Інша мова?","Ibang wika?","வேறு மொழி?"
"tipBody","Use your browser's Translate: Chrome ⋮ → Translate • Safari aA → Translate • Edge ⋯ → Translate","براؤزر کا ترجمہ استعمال کریں: Chrome ⋮ → Translate • Safari aA → Translate • Edge ⋯ → Translate","استخدم ترجمة المتصفح: Chrome ⋮ → Translate • Safari aA → Translate • Edge ⋯ → Translate","ब्राउज़र का अनुवाद इस्तेमाल करें: Chrome ⋮ → Translate • Safari aA → Translate • Edge ⋯ → Translate","Utilisez la traduction du navigateur : Chrome ⋮ → Traduire • Safari aA → Traduire • Edge ⋯ → Traduire","Usa el traductor del navegador: Chrome ⋮ → Traducir • Safari aA → Traducir • Edge ⋯ → Traducir","Use o tradutor do navegador: Chrome ⋮ → Traduzir • Safari aA → Traduzir • Edge ⋯ → Traduzir","Используйте переводчик браузера: Chrome ⋮ → Перевести • Safari aA → Перевести • Edge ⋯ → Перевести","请使用浏览器的翻译功能：Chrome ⋮ → 翻译 • Safari aA → 翻译 • Edge ⋯ → 翻译","ব্রাউজারের অনুবাদ ব্যবহার করুন: Chrome ⋮ → Translate • Safari aA → Translate • Edge ⋯ → Translate","Tarayıcının çeviri özelliğini kullanın: Chrome ⋮ → Çevir • Safari aA → Çevir • Edge ⋯ → Çevir","Gunakan terjemahan browser: Chrome ⋮ → Terjemahkan • Safari aA → Terjemahkan • Edge ⋯ → Terjemahkan","Nutze die Übersetzung deines Browsers: Chrome ⋮ → Übersetzen • Safari aA → Übersetzen • Edge ⋯ → Übersetzen","از ترجمه مرورگر استفاده کنید: Chrome ⋮ → Translate • Safari aA → Translate • Edge ⋯ → Translate","Tumia tafsiri ya kivinjari: Chrome ⋮ → Tafsiri • Safari aA → Tafsiri • Edge ⋯ → Tafsiri","Usa la traduzione del browser: Chrome ⋮ → Traduci • Safari aA → Traduci • Edge ⋯ → Traduci","ブラウザの翻訳を使ってください：Chrome ⋮ → 翻訳 • Safari aA → 翻訳 • Edge ⋯ → 翻訳","브라우저의 번역 기능을 사용하세요: Chrome ⋮ → 번역 • Safari aA → 번역 • Edge ⋯ → 번역","Dùng tính năng dịch của trình duyệt: Chrome ⋮ → Dịch • Safari aA → Dịch • Edge ⋯ → Dịch","ใช้ฟีเจอร์แปลของเบราว์เซอร์: Chrome ⋮ → แปล • Safari aA → แปล • Edge ⋯ → แปล","Gebruik de vertaalfunctie van je browser: Chrome ⋮ → Vertalen • Safari aA → Vertalen • Edge ⋯ → Vertalen","Użyj tłumaczenia w przeglądarce: Chrome ⋮ → Tłumacz • Safari aA → Tłumacz • Edge ⋯ → Tłumacz","Скористайтеся перекладачем браузера: Chrome ⋮ → Перекласти • Safari aA → Перекласти • Edge ⋯ → Перекласти","Gamitin ang Translate ng browser: Chrome ⋮ → Translate • Safari aA → Translate • Edge ⋯ → Translate","உலாவியின் மொழிபெயர்ப்பைப் பயன்படுத்துங்கள்: Chrome ⋮ → Translate • Safari aA → Translate • Edge ⋯ → Translate"
"close","Close","بند کریں","إغلاق","बंद करें","Fermer","Cerrar","Fechar","Закрыть","关闭","বন্ধ করুন","Kapat","Tutup","Schließen","بستن","Funga","Chiudi","閉じる","닫기","Đóng","ปิด","Sluiten","Zamknij","Закрити","Isara","மூடு"